ITEM;TIPO_DOACAO;DOADOR;CNPJ_DOADOR;ORGAO_ENTIDADE;CNPJ_ORGAO_ENTIDADE;LOCAL_RECEBIMENTO;DATA_DOACAO;CLASSIFICACAO_PRODUTO;PRODUTO;UNIDADE_MEDIDA;QUANTIDADE;VALOR_UNITARIO;VALOR_TOTAL
1;DOAÇÕES DE MATERIAIS;AGROPEU-AGRO INDUSTRIAL DE POMPEU S/A;16.617.789/0001-64;Serviço Social Autonomo SERVAS - SSA SERVAS;17.385.840/0001-12;CBMMG;2020-03-27;HIGIENE;ALCOOL 70%;UN;5000;0,1;500
2;DOAÇÕES DE MATERIAIS;FCA FIAT CHRYSLER AUTOMOVEIS BRASIL LTDA;16.701.716/0001-56;Serviço Social Autonomo SERVAS - SSA SERVAS;17.385.840/0001-12;CEDEC;2020-03-27;EPI;LUVA SEG 250MM LATEX NITRILICO M FIAT;UN;1000;0,22;220
3;DOAÇÕES DE MATERIAIS;FCA FIAT CHRYSLER AUTOMOVEIS BRASIL LTDA;16.701.716/0001-56;Serviço Social Autonomo SERVAS - SSA SERVAS;17.385.840/0001-12;CEDEC;2020-03-27;EPI;LUVA SEG 250MM LATEX NITRILICO P FIAT;UN;1500;0,21;315
4;DOAÇÕES DE MATERIAIS;FCA FIAT CHRYSLER AUTOMOVEIS BRASIL LTDA;16.701.716/0001-56;Serviço Social Autonomo SERVAS - SSA SERVAS;17.385.840/0001-12;CEDEC;2020-03-27;EPI;MACACAO CAPUZ EM TYVEK XXL FIAT;UN;40;28,67;1146,8
5;DOAÇÕES DE MATERIAIS;FCA FIAT CHRYSLER AUTOMOVEIS BRASIL LTDA;16.701.716/0001-56;Serviço Social Autonomo SERVAS - SSA SERVAS;17.385.840/0001-12;CEDEC;2020-03-27;EPI;MACACAO CAPUZ TYVEK XXXL FIAT;UN;60;28,67;1720,2
6;DOAÇÕES DE MATERIAIS;FCA FIAT CHRYSLER AUTOMOVEIS BRASIL LTDA;16.701.716/0001-56;Serviço Social Autonomo SERVAS - SSA SERVAS;17.385.840/0001-12;CEDEC;2020-03-27;EPI;MACACAO CAPUZ TYVEK G FIAT;UN;150;28,67;4300,5
7;DOAÇÕES DE MATERIAIS;FCA FIAT CHRYSLER AUTOMOVEIS BRASIL LTDA;16.701.716/0001-56;Serviço Social Autonomo SERVAS - SSA SERVAS;17.385.840/0001-12;CEDEC;2020-03-27;EPI;MACACAO CAPUZ TYVEK M FIAT;UN;250;28,67;7167,5
8;DOAÇÕES DE MATERIAIS;INGLEZA IND DE PROD DE LIMP E COSM LTDA;17.245.028/0003-53;Serviço Social Autonomo SERVAS - SSA SERVAS;17.385.840/0001-12;CEDEC;2020-04-01;HIGIENE;DESINFETANTE HOSPITALAR ALC CLORADO ULTR;UN;1000;15,37;15370
9;DOAÇÕES DE MATERIAIS;CNH INDUSTRIAL BRASIL LTDA;01.844.555/0001-82;Serviço Social Autonomo SERVAS - SSA SERVAS;17.385.840/0001-12;CEDEC;2020-04-02;EPI;MASCARA CIRURGICA;UN;4000;0,001;4
10;DOAÇÕES DE MATERIAIS;DOCOL METAIS SANITARIOS LTDA;75.339.051/0001-41;Serviço Social Autonomo SERVAS - SSA SERVAS;17.385.840/0001-12;HOSPITAL DE CAMPANHA;2020-04-02;MATERIAIS HOSPITALARES;CHUVEIRO BONNADUCHA CHROME;UN;91;102,9;9363,9
11;DOAÇÕES DE MATERIAIS;DOCOL METAIS SANITARIOS LTDA;75.339.051/0001-41;Serviço Social Autonomo SERVAS - SSA SERVAS;17.385.840/0001-12;HOSPITAL DE CAMPANHA;2020-04-02;MATERIAIS HOSPITALARES;TORNEIRA DE MESA LAVATÓRIO PREESMATIC CO;UN;297;119,9;35610,3
12;DOAÇÕES DE MATERIAIS;ARCELORMITTAL BRASIL S.A.;17.469.701/0001-77;GABINETE MILITAR DO GOVERNADOR E COORDENADORIA ESTADUAL DE DEFESA CIVIL;18.715.565/0001-10;CEDEC;2020-04-07;HIGIENE;SACHE GEL;UN;200;0,01;2
13;DOAÇÕES DE MATERIAIS;ARCELORMITTAL BRASIL S.A.;17.469.701/0001-77;GABINETE MILITAR DO GOVERNADOR E COORDENADORIA ESTADUAL DE DEFESA CIVIL;18.715.565/0001-10;CEDEC;2020-04-07;EPI;TERMOMETRO DIGITAL;UN;100;0,01;1
14;DOAÇÕES DE MATERIAIS;VLI MULTIMODAL S.A;42.276.907/0002-09;GABINETE MILITAR DO GOVERNADOR E COORDENADORIA ESTADUAL DE DEFESA CIVIL;18715565000110;CEDEC;2020-04-07;EPI;RESPIRADOR DESCARTAVEL DOBRAVEL PFF-2 AZ;UN;40000;9,9;396000
15;DOAÇÕES DE MATERIAIS;DANONE LTDA;23.643.315/0094-51;Serviço Social Autonomo SERVAS - SSA SERVAS;17.385.840/0001-12;FHEMIG;2020-04-08;ALIMENTAÇÃO;DANONINHO UHT AMENDOA E BANANA 200ML;UN;39393;1,664;65573,59
16;DOAÇÕES DE MATERIAIS;DANONE LTDA;23.643.315/0094-51;Serviço Social Autonomo SERVAS - SSA SERVAS;17.385.840/0001-12;FHEMIG;2020-04-08;ALIMENTAÇÃO;DANONINHO UHT AMENDOA E CACAU 200ML;UN;70524;1,664;117394,25
17;DOAÇÕES DE MATERIAIS;SERVIÇO NACIONAL DE APRENDIZA INDUSTRIAL;03.773.700/0083-53;Serviço Social Autonomo SERVAS - SSA SERVAS;17.385.840/0001-12;CEDEC;2020-04-08;HIGIENE;ALCOOL GLICERINADO 70% GALÃO 1L;LT;24;2,83;67,92
18;DOAÇÕES DE MATERIAIS;SERVIÇO NACIONAL DE APRENDIZA INDUSTRIAL;03.773.700/0083-53;Serviço Social Autonomo SERVAS - SSA SERVAS;17.385.840/0001-12;CEDEC;2020-04-08;HIGIENE;ALCOOL GLICERINADO 70% - GALÃO 5L;LT;1330;2,83;3763,9
19;AQUISIÇÕES PELO SERVAS;Serviço Social Autonomo SERVAS - SSA SERVAS;17.385.840/0001-12;Serviço Social Autonomo SERVAS - SSA SERVAS;17.385.840/0001-12;HOSPITAL DE CAMPANHA;2020-04-08;MATERIAIS HOSPITALARES;CAMA HOSPITALAR COM CABEREIRA ARTICULAVE;UN;35;1207,96;42278,6
20;AQUISIÇÕES PELO SERVAS;Serviço Social Autonomo SERVAS - SSA SERVAS;10.444.624/0001-51;Serviço Social Autonomo SERVAS - SSA SERVAS;17.385.840/0001-12;HOSPITAL DE CAMPANHA;2020-04-08;MATERIAIS HOSPITALARES;MONITORES MULTIPARAMETRICOS HOSPITALAR;UN;3;19000;57000
21;DOAÇÕES DE MATERIAIS;VLI MULTIMODAL S.A;42.276.907/0002-09;GABINETE MILITAR DO GOVERNADOR E COORDENADORIA ESTADUAL DE DEFESA CIVIL;18715565000110;CEDEC;2020-04-08;ALIMENTAÇÃO;CESTA BÁSICA VLI;UN;5000;36,37;181850
22;DOAÇÕES DE MATERIAIS;99 TECNOLOGIA LTDA;18.033.552/0001-61;GABINETE MILITAR DO GOVERNADOR E COORDENADORIA ESTADUAL DE DEFESA CIVIL;18715565000110;CEDEC;2020-04-09;SERVIÇOS;VOUCHERS DE CORRIDAS;UN;1000;300;3e+05
23;AQUISIÇÕES PELO SERVAS;Serviço Social Autonomo SERVAS - SSA SERVAS;17.385.840/0001-12;Serviço Social Autonomo SERVAS - SSA SERVAS;17.385.840/0001-12;HOSPITAL DE CAMPANHA;2020-04-09;MATERIAIS HOSPITALARES;CAMISOLA ABERTA ATRAS EM TECIDO SUPERTEX;UN;229;29;6641
24;AQUISIÇÕES PELO SERVAS;Serviço Social Autonomo SERVAS - SSA SERVAS;17.385.840/0001-12;Serviço Social Autonomo SERVAS - SSA SERVAS;17.385.840/0001-12;HOSPITAL DE CAMPANHA;2020-04-09;MATERIAIS HOSPITALARES;COBERTOR SOLTEIRO 150X220;UN;421;54;22734
25;AQUISIÇÕES PELO SERVAS;Serviço Social Autonomo SERVAS - SSA SERVAS;17.385.840/0001-12;Serviço Social Autonomo SERVAS - SSA SERVAS;17.385.840/0001-12;HOSPITAL DE CAMPANHA;2020-04-09;MATERIAIS HOSPITALARES;FRONHA PARA TRAVESSEIRO IMPERMEÁVEL C/ C;UN;421;6,95;2925,95
26;AQUISIÇÕES PELO SERVAS;Serviço Social Autonomo SERVAS - SSA SERVAS;17.385.840/0001-12;Serviço Social Autonomo SERVAS - SSA SERVAS;17.385.840/0001-12;HOSPITAL DE CAMPANHA;2020-04-09;MATERIAIS HOSPITALARES;LENCOL PERCAL MISTO MACA 120X220;UN;383;20,7;7928,1
27;AQUISIÇÕES PELO SERVAS;Serviço Social Autonomo SERVAS - SSA SERVAS;17.385.840/0001-12;Serviço Social Autonomo SERVAS - SSA SERVAS;17.385.840/0001-12;HOSPITAL DE CAMPANHA;2020-04-09;MATERIAIS HOSPITALARES;LENCOL PERCAL MISTO TAMANHO CAMA 160X250;UN;918;27;24786
28;AQUISIÇÕES PELO SERVAS;Serviço Social Autonomo SERVAS - SSA SERVAS;17.385.840/0001-12;Serviço Social Autonomo SERVAS - SSA SERVAS;17.385.840/0001-12;HOSPITAL DE CAMPANHA;2020-04-09;MATERIAIS HOSPITALARES;PIJAMA TECIDO 100% ALGODAO BLUSA E BERMU;UN;229;36;8244
29;AQUISIÇÕES PELO SERVAS;Serviço Social Autonomo SERVAS - SSA SERVAS;17.385.840/0001-12;Serviço Social Autonomo SERVAS - SSA SERVAS;17.385.840/0001-12;HOSPITAL DE CAMPANHA;2020-04-09;MATERIAIS HOSPITALARES;SACO DE HAMPER TRACADO CRU;UN;326;29;9454
30;AQUISIÇÕES PELO SERVAS;Serviço Social Autonomo SERVAS - SSA SERVAS;17.385.840/0001-12;Serviço Social Autonomo SERVAS - SSA SERVAS;17.385.840/0001-12;HOSPITAL DE CAMPANHA;2020-04-09;MATERIAIS HOSPITALARES;TOALHA DE BANHO ROYAL 100% ALG 080X150;UN;459;21;9639
31;AQUISIÇÕES PELO SERVAS;Serviço Social Autonomo SERVAS - SSA SERVAS;17.385.840/0001-12;Serviço Social Autonomo SERVAS - SSA SERVAS;17.385.840/0001-12;HOSPITAL DE CAMPANHA;2020-04-09;MATERIAIS HOSPITALARES;TRAVESSEIRO IMPERMEAVEL C/ CAPA NAPA;UN;459;29;13311
32;DOAÇÕES DE MATERIAIS;DANONE LTDA;23.643.315/0094-51;Serviço Social Autonomo SERVAS - SSA SERVAS;17.385.840/0001-12;FHEMIG;2020-04-09;ALIMENTAÇÃO;TEA 4U CHA MATE LIMAO YUZU E MEL 1L;UN;20400;3,565;72744,98
33;DOAÇÕES DE MATERIAIS;DANONE LTDA;23.643.315/0094-51;Serviço Social Autonomo SERVAS - SSA SERVAS;17.385.840/0001-12;FHEMIG;2020-04-09;ALIMENTAÇÃO;TEA 4U CHA MATE LIMAO YUZU E MEL 1L;UN;20400;3,565;72744,98
34;DOAÇÕES DE MATERIAIS;DANONE LTDA;23.643.315/0094-51;Serviço Social Autonomo SERVAS - SSA SERVAS;17.385.840/0001-12;FHEMIG;2020-04-09;ALIMENTAÇÃO;CHA PRETO HIBISCO E BERRIES LATA 310ML;UN;1200;2,368;2842,47
35;DOAÇÕES DE MATERIAIS;DANONE LTDA;23.643.315/0094-51;Serviço Social Autonomo SERVAS - SSA SERVAS;17.385.840/0001-12;FHEMIG;2020-04-09;ALIMENTAÇÃO;CHA CAPIM-LIMAO E CITRICOS LATA 310ML;UN;780;2,368;1847,6
36;AQUISIÇÕES PELO SERVAS;Serviço Social Autonomo SERVAS - SSA SERVAS;17.385.840/0001-12;Serviço Social Autonomo SERVAS - SSA SERVAS;17.385.840/0001-12;HOSPITAL DE CAMPANHA;2020-04-09;MATERIAIS HOSPITALARES;CAMA HOSPITALAR COM CABEREIRA ARTICULAVE;UN;10;1207,961;12079,61
37;AQUISIÇÕES PELO SERVAS;Serviço Social Autonomo SERVAS - SSA SERVAS;17.385.840/0001-12;Serviço Social Autonomo SERVAS - SSA SERVAS;17.385.840/0001-12;HOSPITAL DE CAMPANHA;2020-04-09;MATERIAIS HOSPITALARES;CAMA HOSPITALAR COM CABEREIRA ARTICULAVE;UN;50;1207,96;60398
38;AQUISIÇÕES PELO SERVAS;Serviço Social Autonomo SERVAS - SSA SERVAS;17.385.840/0001-12;Serviço Social Autonomo SERVAS - SSA SERVAS;17.385.840/0001-12;HOSPITAL DE CAMPANHA;2020-04-11;MATERIAIS HOSPITALARES;CAMA HOSPITALAR COM CABEREIRA ARTICULAVE;UN;50;1207,96;60398
39;DOAÇÕES DE MATERIAIS;DANONE NUTRICIA LTDA;23.643.315/0144-55;Serviço Social Autonomo SERVAS - SSA SERVAS;17.385.840/0001-12;FHEMIG;2020-04-13;ALIMENTAÇÃO;MILNUTRI CEREAL MULTICEREIAIS SUGAR FREE;UN;21684;0,92;19949
40;DOAÇÕES DE MATERIAIS;DANONE NUTRICIA LTDA;23.643.315/0144-55;Serviço Social Autonomo SERVAS - SSA SERVAS;17.385.840/0001-12;FHEMIG;2020-04-13;ALIMENTAÇÃO;MILNUTRI CEREAL MULTICEREIAIS SUGAR FREE;UN;15620;0,92;14370,21
41;DOAÇÕES DE MATERIAIS;DANONE NUTRICIA LTDA;23.643.315/0144-55;Serviço Social Autonomo SERVAS - SSA SERVAS;17.385.840/0001-12;FHEMIG;2020-04-13;ALIMENTAÇÃO;MILNUTRI CEREAL ARROZ BANAN MACA SUGAR F;UN;20206;1,14;23034,94
42;DOAÇÕES DE MATERIAIS;DANONE NUTRICIA LTDA;23.643.315/0144-55;Serviço Social Autonomo SERVAS - SSA SERVAS;17.385.840/0001-12;FHEMIG;2020-04-13;ALIMENTAÇÃO;FORTFIT MORANGO 600G;UN;4673;33,12;154771,53
43;AQUISIÇÕES PELO SERVAS;Serviço Social Autonomo SERVAS - SSA SERVAS;17.385.840/0001-12;Serviço Social Autonomo SERVAS - SSA SERVAS;17.385.840/0001-12;HOSPITAL DE CAMPANHA;2020-04-13;MATERIAIS HOSPITALARES;CAMA HOSPITALAR COM CABEREIRA ARTICULAVE;UN;50;1207,96;60398
44;DOAÇÕES DE MATERIAIS;VLI MULTIMODAL S.A;42.276.907/0002-09;GABINETE MILITAR DO GOVERNADOR E COORDENADORIA ESTADUAL DE DEFESA CIVIL;18715565000110;CEDEC;2020-04-13;EPI;LUVA DESC NITRIL AZ G CX C/300 VLI;UN;93900;0,27;25353
45;DOAÇÕES DE MATERIAIS;VLI MULTIMODAL S.A;42.276.907/0002-09;GABINETE MILITAR DO GOVERNADOR E COORDENADORIA ESTADUAL DE DEFESA CIVIL;18715565000110;CEDEC;2020-04-13;EPI;LUVA DESC NITRIL AZ M CX C/300 VLI;UN;6300;0,27;1701
46;DOAÇÕES DE MATERIAIS;ITAMBE ALIMENTOS S/A;16.849.231/0004-57;Serviço Social Autonomo SERVAS - SSA SERVAS;17.385.840/0001-12;CEDEC;2020-04-14;ALIMENTAÇÃO;LEITE UHT INTEGRAL 1L CX C/12;UN;10000;2,219;22191,1
47;AQUISIÇÕES PELO SERVAS;Serviço Social Autonomo SERVAS - SSA SERVAS;17.385.840/0001-12;Serviço Social Autonomo SERVAS - SSA SERVAS;17.385.840/0001-12;HOSPITAL DE CAMPANHA;2020-04-14;MATERIAIS HOSPITALARES;CAMA HOSPITALAR COM CABEREIRA ARTICULAVE;UN;50;1207,96;60398
48;DOAÇÕES DE MATERIAIS;WHIRLPOOL S.A;59.105.999/0039-59;Serviço Social Autonomo SERVAS - SSA SERVAS;17.385.840/0001-12;HOSPITAL DE CAMPANHA;2020-04-14;MATERIAIS HOSPITALARES;PUIFICADOR CONSUL REF BRANCO 127V;UN;36;396,4;14270,4
49;AQUISIÇÕES PELO SERVAS;Serviço Social Autonomo SERVAS - SSA SERVAS;17.385.840/0001-12;Serviço Social Autonomo SERVAS - SSA SERVAS;17.385.840/0001-12;HOSPITAL DE CAMPANHA;2020-04-15;MATERIAIS HOSPITALARES;CAMA HOSPITALAR COM CABEREIRA ARTICULAVE;UN;50;1207,96;60398
50;DOAÇÕES DE MATERIAIS;USINA MONTE ALEGRE LTDA;22.587.687/0001-46;Serviço Social Autonomo SERVAS - SSA SERVAS;17.385.840/0001-12;CBMMG;2020-04-15;HIGIENE;ALCOOL ETILICO 70%;LT;1500;2;3000
51;DOAÇÕES DE MATERIAIS;WHIRLPOOL S.A;59.105.999/0039-59;Serviço Social Autonomo SERVAS - SSA SERVAS;17.385.840/0001-12;HOSPITAL DE CAMPANHA;2020-04-15;MATERIAIS HOSPITALARES;FREZER HORIZONTAL 2 DOORS 534L 127V BR C;UN;3;796,35;2389,05
52;DOAÇÕES DE MATERIAIS;WHIRLPOOL S.A;59.105.999/0039-59;Serviço Social Autonomo SERVAS - SSA SERVAS;17.385.840/0001-12;HOSPITAL DE CAMPANHA;2020-04-15;MATERIAIS HOSPITALARES;REFRIGERADOR DOMEST 1 PORTA 300L 127V BR;UN;36;622,68;22416,48
53;DOAÇÕES DE MATERIAIS;WHIRLPOOL S.A;59.105.999/0039-59;Serviço Social Autonomo SERVAS - SSA SERVAS;17.385.840/0001-12;HOSPITAL DE CAMPANHA;2020-04-15;MATERIAIS HOSPITALARES;REFRIGERADOR DOMEST 2 PORTAS 441L 127V;UN;2;1003,06;2006,12
54;AQUISIÇÕES PELO SERVAS;Serviço Social Autonomo SERVAS - SSA SERVAS;17.385.840/0001-12;Serviço Social Autonomo SERVAS - SSA SERVAS;17.385.840/0001-12;HOSPITAL DE CAMPANHA;2020-04-16;MATERIAIS HOSPITALARES;CAMA HOSPITALAR COM CABEREIRA ARTICULAVE;UN;50;1207,96;60398
55;DOAÇÕES DE MATERIAIS;VLI MULTIMODAL S.A;42.276.907/0002-09;GABINETE MILITAR DO GOVERNADOR E COORDENADORIA ESTADUAL DE DEFESA CIVIL;18715565000110;CEDEC;2020-04-16;ALIMENTAÇÃO;CESTA BÁSICA VLI;UN;1250;36,37;45462,5
56;DOAÇÕES DE MATERIAIS;VLI MULTIMODAL S.A;42.276.907/0002-09;GABINETE MILITAR DO GOVERNADOR E COORDENADORIA ESTADUAL DE DEFESA CIVIL;18715565000110;CEDEC;2020-04-16;ALIMENTAÇÃO;CESTA BÁSICA VLI;UN;1250;36,37;45462,5
57;DOAÇÕES DE MATERIAIS;VLI MULTIMODAL S.A;42.276.907/0002-09;GABINETE MILITAR DO GOVERNADOR E COORDENADORIA ESTADUAL DE DEFESA CIVIL;18715565000110;CEDEC;2020-04-16;ALIMENTAÇÃO;CESTA BÁSICA VLI;UN;1250;36,37;45462,5
58;DOAÇÕES DE MATERIAIS;VLI MULTIMODAL S.A;42.276.907/0002-09;GABINETE MILITAR DO GOVERNADOR E COORDENADORIA ESTADUAL DE DEFESA CIVIL;18715565000110;CEDEC;2020-04-16;ALIMENTAÇÃO;CESTA BÁSICA VLI;UN;1250;36,37;45462,5
59;DOAÇÕES DE MATERIAIS;SERVIÇO NACIONAL DE APRENDIZA INDUSTRIAL;03.773.700/0083-53;Serviço Social Autonomo SERVAS - SSA SERVAS;17.385.840/0001-12;CEDEC;2020-04-17;HIGIENE;ALCOOL GLICERINADO 70% - GALÃO 5L;LT;700;2,83;1981
60;AQUISIÇÕES PELO SERVAS;Serviço Social Autonomo SERVAS - SSA SERVAS;17.385.840/0001-12;Serviço Social Autonomo SERVAS - SSA SERVAS;17.385.840/0001-12;HOSPITAL DE CAMPANHA;2020-04-17;MATERIAIS HOSPITALARES;CAMA HOSPITALAR COM CABEREIRA ARTICULAVE;UN;23;1207,99;27783,79
61;AQUISIÇÕES PELO SERVAS;Serviço Social Autonomo SERVAS - SSA SERVAS;17.385.840/0001-12;Serviço Social Autonomo SERVAS - SSA SERVAS;17.385.840/0001-12;HOSPITAL DE CAMPANHA;2020-04-17;MATERIAIS HOSPITALARES;CAMA HOSPITALAR COM CABEREIRA ARTICULAVE;UN;50;1207,96;60398
62;DOAÇÕES DE MATERIAIS;VLI MULTIMODAL S.A;42.276.907/0002-09;GABINETE MILITAR DO GOVERNADOR E COORDENADORIA ESTADUAL DE DEFESA CIVIL;18715565000110;CEDEC;2020-04-17;EPI;RESPIRADOR DESCARTAVEL DOBRAVEL PFF-2 AZ;UN;30000;9,9;297000
63;AQUISIÇÕES PELO SERVAS;Serviço Social Autonomo SERVAS - SSA SERVAS;17.385.840/0001-12;Serviço Social Autonomo SERVAS - SSA SERVAS;17.385.840/0001-12;FHEMIG;2020-04-24;MATERIAIS HOSPITALARES;BATERIA DE LITIO (OLD 2M86732);UN;7;2241,304;15689,13
64;DOAÇÕES DE MATERIAIS;ALPARGATAS S/A;61.079.117/0145-80;Serviço Social Autonomo SERVAS - SSA SERVAS;17.385.840/0001-12;CEDEC;2020-04-28;EPI;MASCARA TIPO CIRURGICA TNT > 95% BFE;UN;48960;3,085;151059,51
65;DOAÇÕES DE MATERIAIS;DANONE NUTRICIA LTDA;23.643.315/0144-55;Serviço Social Autonomo SERVAS - SSA SERVAS;17.385.840/0001-12;FHEMIG;2020-04-28;ALIMENTAÇÃO;NUTRISON PACK 1000ML;UN;1200;36,619;43943,86
66;DOAÇÕES DE MATERIAIS;DANONE NUTRICIA LTDA;23.643.315/0144-55;Serviço Social Autonomo SERVAS - SSA SERVAS;17.385.840/0001-12;FHEMIG;2020-04-28;ALIMENTAÇÃO;NUTRISON ENERGY PACK 1000 ML;UN;1986;43,139;85675,53
67;DOAÇÕES DE MATERIAIS;DANONE NUTRICIA LTDA;23.643.315/0144-55;Serviço Social Autonomo SERVAS - SSA SERVAS;17.385.840/0001-12;FHEMIG;2020-04-28;ALIMENTAÇÃO;NUTRISON ENERGU MF PACK 1000ML;UN;232;44,02;10212,66
68;DOAÇÕES DE MATERIAIS;DANONE NUTRICIA LTDA;23.643.315/0144-55;Serviço Social Autonomo SERVAS - SSA SERVAS;17.385.840/0001-12;FHEMIG;2020-04-28;ALIMENTAÇÃO;NUTRI ENTERAL 1.5 BAU TP 200ML;UN;2754;7,7;21205,8
69;DOAÇÕES DE MATERIAIS;DANONE NUTRICIA LTDA;23.643.315/0144-55;Serviço Social Autonomo SERVAS - SSA SERVAS;17.385.840/0001-12;FHEMIG;2020-04-28;ALIMENTAÇÃO;NUTRI ENTERAL 1.5 CHOC TP 200ML;UN;2754;8;22032
70;DOAÇÕES DE MATERIAIS;VLI MULTIMODAL S.A;42.276.907/0002-09;GABINETE MILITAR DO GOVERNADOR E COORDENADORIA ESTADUAL DE DEFESA CIVIL;18715565000110;CEDEC;2020-04-28;EPI;RESPIRADOR DESCARTAVEL DOBRAVEL PFF-2 AZ;UN;30000;9,9;297000
71;DOAÇÕES DE MATERIAIS;ALPARGATAS S/A;61.079.117/0145-80;Serviço Social Autonomo SERVAS - SSA SERVAS;17.385.840/0001-12;CEDEC;2020-04-29;EPI;MASCARA TIPO CIRURGICA TNT > 95% BFE;UN;31040;3,085;95769,76
72;DOAÇÕES DE MATERIAIS;SERVIÇO NACIONAL DE APRENDIZA INDUSTRIAL;03.773.700/0083-53;Serviço Social Autonomo SERVAS - SSA SERVAS;17.385.840/0001-12;CEDEC;2020-04-29;HIGIENE;ALCOOL GLICERINADO 70% - GALÃO 5L;LT;1440;2,83;4075,3
73;DOAÇÕES DE MATERIAIS;BANCO MERCANTIL DO BRASIL SA;17.184.037/0001-10;Serviço Social Autonomo SERVAS - SSA SERVAS;17.385.840/0001-12;HOSPITAL DE CAMPANHA;2020-04-30;MATERIAIS HOSPITALARES;ENXOVAL HOSPITALAR;UN;3545;28,208;1e+05
74;DOAÇÕES DE MATERIAIS;HAUTE BRAZIL CONFECCOES EIRELI;31.473.806/0001-20;Serviço Social Autonomo SERVAS - SSA SERVAS;17.385.840/0001-12;CEDEC;2020-05-04;EPI;MASCARA TNT DESCARTAVEIS;UN;390;1,5;585
75;DOAÇÕES DE MATERIAIS;HAUTE BRAZIL CONFECCOES EIRELI;31.473.806/0001-20;Serviço Social Autonomo SERVAS - SSA SERVAS;17.385.840/0001-12;CEDEC;2020-05-04;EPI;MASCARA DE TECIDO;UN;158;4,95;782,1
76;DOAÇÕES DE MATERIAIS;HAUTE BRAZIL CONFECCOES EIRELI;31.473.806/0001-20;Serviço Social Autonomo SERVAS - SSA SERVAS;17.385.840/0001-12;CEDEC;2020-05-04;EPI;MASCARA BICO DE PATO TNT;UN;145;1,5;217,5
77;DOAÇÕES DE MATERIAIS;DOAÇÕES PESSOAS FÍSICAS;;GABINETE MILITAR DO GOVERNADOR E COORDENADORIA ESTADUAL DE DEFESA CIVIL;18715565000110;CEDEC;2020-05-04;EPI;MASCARA DE PROTEÇÃO FACE SHIELD;UN;600;;
78;DOAÇÕES DE MATERIAIS;PROVINCIA DE JIANGSU;17.385.840/0001-12;Serviço Social Autonomo SERVAS - SSA SERVAS;17.385.840/0001-12;CEDEC;2020-05-05;EPI;MASCARA DE PROTECAO;UN;50000;4,396;219818,46
79;DOAÇÕES DE MATERIAIS;SAM - SUL AMERICANA DE METAIS LTDA;00.569.445/0001-97;Serviço Social Autonomo SERVAS - SSA SERVAS;17.385.840/0001-12;CEDEC;2020-05-05;EPI;MASCARA DE PROTECAO;UN;70000;2,986;209035,38
80;DOAÇÕES DE MATERIAIS;DOAÇÕES PESSOAS FÍSICAS;;GABINETE MILITAR DO GOVERNADOR E COORDENADORIA ESTADUAL DE DEFESA CIVIL;18715565000110;CEDEC;2020-05-05;EPI;MASCARA DE PROTEÇÃO FACE SHIELD;UN;100;;
81;DOAÇÕES DE MATERIAIS;DANONE LTDA;23.643.315/0094-51;Serviço Social Autonomo SERVAS - SSA SERVAS;17.385.840/0001-12;FHEMIG;2020-05-07;ALIMENTAÇÃO;CORPUS LIG LIMAO E MATCHA 170G;UN;4020;0,926;3724,93
82;DOAÇÕES DE MATERIAIS;DANONE LTDA;23.643.315/0094-51;Serviço Social Autonomo SERVAS - SSA SERVAS;17.385.840/0001-12;FHEMIG;2020-05-07;ALIMENTAÇÃO;YOPRO LIQUIDO MORANGO 250G;UN;10620;1,869;19855,15
83;DOAÇÕES DE MATERIAIS;DANONE LTDA;23.643.315/0094-51;Serviço Social Autonomo SERVAS - SSA SERVAS;17.385.840/0001-12;FHEMIG;2020-05-07;ALIMENTAÇÃO;YOPRO LIQUIDO MORANGO 250G;UN;15820;1,869;29577,07
84;DOAÇÕES DE MATERIAIS;DANONE LTDA;23.643.315/0094-51;Serviço Social Autonomo SERVAS - SSA SERVAS;17.385.840/0001-12;FHEMIG;2020-05-07;ALIMENTAÇÃO;YOPRO LIQ 15G CAFE EXPRESSO 250G;UN;3400;1,869;6356,64
85;DOAÇÕES DE MATERIAIS;DANONE LTDA;23.643.315/0094-51;Serviço Social Autonomo SERVAS - SSA SERVAS;17.385.840/0001-12;FHEMIG;2020-05-07;ALIMENTAÇÃO;PHILADELPHIA POTE LIGHT 300G;UN;1630;6,847;11160,61
86;DOAÇÕES DE MATERIAIS;DANONE LTDA;23.643.315/0094-51;Serviço Social Autonomo SERVAS - SSA SERVAS;17.385.840/0001-12;FHEMIG;2020-05-07;ALIMENTAÇÃO;YOPRO MORANGO 160G;UN;16980;1,566;26594,08
87;DOAÇÕES DE MATERIAIS;DANONE LTDA;23.643.315/0094-51;Serviço Social Autonomo SERVAS - SSA SERVAS;17.385.840/0001-12;FHEMIG;2020-05-07;ALIMENTAÇÃO;ACTIVIA SHOT MATCHA LF 100G;UN;5520;0,844;4662,19
88;DOAÇÕES DE MATERIAIS;DANONE LTDA;23.643.315/0094-51;Serviço Social Autonomo SERVAS - SSA SERVAS;17.385.840/0001-12;FHEMIG;2020-05-07;ALIMENTAÇÃO;ACTIVIA SMOOTHIE MANGA 250G;UN;1760;1,992;3506,98
89;DOAÇÕES DE MATERIAIS;DANONE LTDA;23.643.315/0094-51;Serviço Social Autonomo SERVAS - SSA SERVAS;17.385.840/0001-12;FHEMIG;2020-05-07;ALIMENTAÇÃO;YOPRO LIQUIDO DOCE DE LEITE 250G;UN;7060;1,869;13199,38
90;DOAÇÕES DE MATERIAIS;DANONE LTDA;23.643.315/0094-51;Serviço Social Autonomo SERVAS - SSA SERVAS;17.385.840/0001-12;FHEMIG;2020-05-07;ALIMENTAÇÃO;ACTIVIA POLPA CHIA 400G;UN;1680;1,648;2768,98
91;DOAÇÕES DE MATERIAIS;DANONE LTDA;23.643.315/0094-51;Serviço Social Autonomo SERVAS - SSA SERVAS;17.385.840/0001-12;FHEMIG;2020-05-07;ALIMENTAÇÃO;DANONE GREGO FRUTAS VERMELHAS 400G;UN;2784;2,812;7830,28
92;DOAÇÕES DE MATERIAIS;DANONE LTDA;23.643.315/0094-51;Serviço Social Autonomo SERVAS - SSA SERVAS;17.385.840/0001-12;FHEMIG;2020-05-07;ALIMENTAÇÃO;DANONE 800G LIGHT ORI/MOR;UN;720;3,624;2609,57
93;DOAÇÕES DE MATERIAIS;DANONE LTDA;23.643.315/0094-51;Serviço Social Autonomo SERVAS - SSA SERVAS;17.385.840/0001-12;FHEMIG;2020-05-07;ALIMENTAÇÃO;YOPRO COCO CREMOSO 160G;UN;9600;1,566;15035,52
94;DOAÇÕES DE MATERIAIS;DANONE LTDA;23.643.315/0094-51;Serviço Social Autonomo SERVAS - SSA SERVAS;17.385.840/0001-12;FHEMIG;2020-05-07;ALIMENTAÇÃO;ACTIVIA ORIGINAL LEITE FERM MEL 400G;UN;1056;1,648;1740,5
95;DOAÇÕES DE MATERIAIS;ONCLICK SISTEMAS DE INFOMAÇÃO LTDA;04.449.943/0001-57;GABINETE MILITAR DO GOVERNADOR E COORDENADORIA ESTADUAL DE DEFESA CIVIL;18.715.565/0001-10;CEDEC;2020-05-07;SERVIÇOS;LICENÇA DE USO SOFTWARE;UN;1;15750;15750
96;DOAÇÕES DE MATERIAIS;SERVIÇO NACIONAL DE APRENDIZA INDUSTRIAL;03.773.700/0083-53;Serviço Social Autonomo SERVAS - SSA SERVAS;17.385.840/0001-12;CEDEC;2020-05-07;HIGIENE;ALCOOL GLICERINADO 70% - GALÃO 5L;LT;1500;2,83;4245
97;DOAÇÕES DE MATERIAIS;AMBEV S.A.;07.526.557/0005-33;GABINETE MILITAR DO GOVERNADOR E COORDENADORIA ESTADUAL DE DEFESA CIVIL;18.715.565/0001-10;CEDEC;2020-05-09;HIGIENE;ALCOOL GEL AMBEV PET 190G CX C/21;UN;28350;0,432;12252,05
98;DOAÇÕES DE MATERIAIS;FUNDAÇÃO ITAU PARA EDUCAÇAO E CULTURA;59.573.030/0001-30;Secretaria de Saúde do Estado de Minas Gerais;59.573.030/0001-30;CEDEC;2020-05-09;HIGIENE;ALCOOL EM GEL 5L;LT;9725;16;155600
99;DOAÇÕES DE MATERIAIS;GRANDE LOJA MACONICA DE MINAS GERAIS - APOIO MINEIRO;17.416.355/0001-69;Serviço Social Autonomo SERVAS - SSA SERVAS;17.385.840/0001-12;CEDEC;2020-05-09;ALIMENTAÇÃO;LEITE LVINDA BONALAT 1L TP INTEGRAL;UN;4800;2,59;12432
100;DOAÇÕES DE MATERIAIS;PRO-LIFE EQUIPAMENTOS MEDICOS LTDA;66.783.630/0002-79;Serviço Social Autonomo SERVAS - SSA SERVAS;17.385.840/0001-12;CEDEC;2020-05-20;EPI;MASCARA DE PROTECAO - FACE SHIELD;UN;150;20;3000
101;DOAÇÕES DE MATERIAIS;UFJF;21.195.755/0001-69;Serviço Social Autonomo SERVAS - SSA SERVAS;17.385.840/0001-12;CEDEC;2020-05-20;EPI;MASCARA DE PROTEÇÃO FACE SHIELD;UN;1000;0;0,01
102;DOAÇÕES DE MATERIAIS;BANCO DO BRASIL;00.000.000/0001-91;Serviço Social Autonomo SERVAS - SSA SERVAS;17.385.840/0001-12;CEDEC;2020-05-22;MATERIAIS HOSPITALARES;MONITORES MULTIPARAMETRICOS HOSPITALAR;UN;7;13780;96460
103;DOAÇÕES DE MATERIAIS;FCA FIAT CHRYSLER AUTOMOVEIS BRASIL LTDA;16.701.716/0001-56;Serviço Social Autonomo SERVAS - SSA SERVAS;17.385.840/0001-12;HOSPITAL DE CAMPANHA;2020-05-22;MATERIAIS HOSPITALARES;COLCHÃO PARA CAMA HOSPITALAR;UN;449;285;127965
104;DOAÇÕES DE MATERIAIS;FCA FIAT CHRYSLER AUTOMOVEIS BRASIL LTDA;16.701.716/0001-56;Serviço Social Autonomo SERVAS - SSA SERVAS;17.385.840/0001-12;HOSPITAL DE CAMPANHA;2020-05-22;MATERIAIS HOSPITALARES;SUPORTE PARA SORO COM RODIZIO;UN;762;86;65532
105;DOAÇÕES DE MATERIAIS;FIEMG;03.773.834/0001-28;serviço Social Autonomo SERVAS - SSA SERVAS;17.385.840/0001-12;HOSPITAL DE CAMPANHA;2020-05-22;MATERIAIS HOSPITALARES;MONTAGEM ESTRUTURA HC EXPOMINAS;UN;1;1600000;1600000
106;DOAÇÕES DE MATERIAIS;NEOWAY TECNOLOGIA INTEGRADA ASSESSORIA E;05.337.875/0001-05;SEPLAG;05.461.142/0001-70;SEPLAG;2020-05-22;SERVIÇOS;LICENÇA DE USO SOFTWARE PLATAFORMA NEOWA;UN;1;626505,28;626505,28
107;DOAÇÕES DE MATERIAIS;SUPERMERCADOS BH;06.135.538/0001-90;Serviço Social Autonomo SERVAS - SSA SERVAS;17.385.840/0001-12;HOSPITAL DE CAMPANHA;2020-05-22;MATERIAIS HOSPITALARES;CAMA HOSPITALAR COM CABECEIRA ARTICULAVE;UN;272;1196;325312
108;DOAÇÕES DE MATERIAIS;SUPERMERCADOS BH;06.135.538/0001-90;Serviço Social Autonomo SERVAS - SSA SERVAS;17.385.840/0001-12;HOSPITAL DE CAMPANHA;2020-05-22;MATERIAIS HOSPITALARES;MESA DE ALIMENTAÇÃO;UN;740;256,87;190083,8
109;DOAÇÕES DE MATERIAIS;SUPERMERCADOS BH;06.135.538/0001-90;Serviço Social Autonomo SERVAS - SSA SERVAS;17.385.840/0001-12;HOSPITAL DE CAMPANHA;2020-05-22;MATERIAIS HOSPITALARES;COLCHAO PARA CAMA HOSPITALAR;UN;91;285,7;25998,7
110;DOAÇÕES DE MATERIAIS;SUPERMERCADOS BH;06.135.538/0001-90;Serviço Social Autonomo SERVAS - SSA SERVAS;17.385.840/0001-12;HOSPITAL DE CAMPANHA;2020-05-22;MATERIAIS HOSPITALARES;INSTALAÇÃO PISO VINILICO;UN;1;181000;181000
111;DOAÇÕES DE MATERIAIS;TECHTOOLS VENTURES INVESTIMENTOS SA;30.033.738/0001-16;Secretaria de Saúde do Estado de Minas Gerais;59.573.030/0001-30;Secretaria de Saúde do Estado de Minas Gerais;2020-05-22;SERVIÇOS;LICENÇA DE USO DE SOFTWARE TELEMEDICINA;UN;1;354000;354000
112;DOAÇÕES DE MATERIAIS;MEDI SAUDE PROD MEDICOS HOSP EIRELI;02.563.570/0001-15;Serviço Social Autonomo SERVAS - SSA SERVAS;17.385.840/0001-12;;2020-05-23;MATERIAIS HOSPITALARES;CAMA ELETRICA HOME CARE;UN;28;7858;220024
113;DOAÇÕES DE MATERIAIS;XCMG BRASIL INDUSTRIA LTDA;14.707.364/0001-10;Serviço Social Autonomo SERVAS - SSA SERVAS;17.385.840/0001-12;CEDEC;2020-05-25;EPI;MASCARA DESCARTAVEL;UN;1e+05;2,74;274000
114;AQUISIÇÕES PELO SERVAS;Serviço Social Autonomo SERVAS - SSA SERVAS;10.444.624/0001-51;Serviço Social Autonomo SERVAS - SSA SERVAS;17.385.840/0001-12;CEDEC;2020-05-26;MATERIAIS HOSPITALARES;MONITORES MULTIPARAMETRICOS HOSPITALAR;UN;8;18000;144000
115;DOAÇÕES DE MATERIAIS;PETROLEO BRASILEIRO SA;33.000.167/0001-01;GABINETE MILITAR DO GOVERNADOR E COORDENADORIA ESTADUAL DE DEFESA CIVIL;18715565000110;CEDEC;2020-06-01;COMBUSTÍVEL;GASOLINA COMUM;LT;10000;3,58;35800
116;DOAÇÕES DE MATERIAIS;PETROLEO BRASILEIRO SA;33.000.167/0001-01;GABINETE MILITAR DO GOVERNADOR E COORDENADORIA ESTADUAL DE DEFESA CIVIL;18715565000110;CEDEC;2020-06-01;COMBUSTÍVEL;OLEO DIESEL B S10;UN;5000;2,659;13299
117;DOAÇÕES DE MATERIAIS;BANCO SANTANDER BRASIL S.A;90.400.888/0001-42;GABINETE MILITAR DO GOVERNADOR E COORDENADORIA ESTADUAL DE DEFESA CIVIL;18.715.565/0001-10;CEDEC;2020-06-04;EPI;MASCARA TRICOLINE 100% ALCODAO;UN;160000;2,5;4e+05
118;AQUISIÇÕES PELO SERVAS;Serviço Social Autonomo SERVAS - SSA SERVAS;10.444.624/0001-51;serviço Social Autonomo SERVAS - SSA SERVAS;17.385.840/0001-12;CEDEC;2020-06-05;MATERIAIS HOSPITALARES;MONITORES MULTIPARAMETRICOS HOSPITALAR;UN;6;19000;114000
119;DOAÇÕES DE MATERIAIS;FUNDAÇÃO ITAU PARA EDUCAÇAO E CULTURA;59.573.030/0001-30;Secretaria de Saúde do Estado de Minas Gerais;59.573.030/0001-30;CEDEC;2020-06-15;EPI;AVENTAL;UN;48000;10,9;523200
120;DOAÇÕES DE MATERIAIS;FUNDAÇÃO ITAU PARA EDUCAÇAO E CULTURA;59.573.030/0001-30;Secretaria de Saúde do Estado de Minas Gerais;59.573.030/0001-30;CEDEC;2020-06-15;EPI;AVENTAL;UN;48000;10,9;523200
121;DOAÇÕES DE MATERIAIS;FUNDAÇÃO ITAU PARA EDUCAÇAO E CULTURA;59.573.030/0001-30;Secretaria de Saúde do Estado de Minas Gerais;59.573.030/0001-30;CEDEC;2020-06-15;EPI;MASCARA DESCARTAVEL N95;UN;152000;13;1976000
122;DOAÇÕES DE MATERIAIS;FUNDAÇÃO ITAU PARA EDUCAÇAO E CULTURA;59.573.030/0001-30;Secretaria de Saúde do Estado de Minas Gerais;59.573.030/0001-30;CEDEC;2020-06-15;EPI;OCULOS DE PROTECAO DOAC 9,10;UN;16800;9,1;152880
123;DOAÇÕES DE MATERIAIS;FUNDAÇÃO ITAU PARA EDUCAÇAO E CULTURA;59.573.030/0001-30;Secretaria de Saúde do Estado de Minas Gerais;59.573.030/0001-30;CEDEC;2020-06-15;EPI;MASCARA DE PROTECAO FACE SHIELD;UN;18000;3,6;64800
124;DOAÇÕES DE MATERIAIS;FUNDAÇÃO ITAU PARA EDUCAÇAO E CULTURA;59.573.030/0001-30;Secretaria de Saúde do Estado de Minas Gerais;59.573.030/0001-30;CEDEC;2020-06-15;EPI;MASCARA DE PROTECAO FACE SHIELD;UN;2000;3,6;7200
125;DOAÇÕES DE MATERIAIS;FUNDAÇÃO ITAU PARA EDUCAÇAO E CULTURA;59.573.030/0001-30;Secretaria de Saúde do Estado de Minas Gerais;59.573.030/0001-30;CEDEC;2020-06-15;EPI;TOUCA DESCARTAVEL;UN;624000;0,27;168480
126;DOAÇÕES DE MATERIAIS;FUNDAÇÃO ITAU PARA EDUCAÇAO E CULTURA;59.573.030/0001-30;Secretaria de Saúde do Estado de Minas Gerais;59.573.030/0001-30;CEDEC;2020-06-15;EPI;LUVA DESCARTAVEL;UN;1169000;0,4;467600
127;DOAÇÕES DE MATERIAIS;FUNDAÇÃO ITAU PARA EDUCAÇAO E CULTURA;59.573.030/0001-30;Secretaria de Saúde do Estado de Minas Gerais;59.573.030/0001-30;CEDEC;2020-06-15;EPI;OCULOS DE PROTECAO DOAC 3,60;UN;38520;3,6;138672
128;DOAÇÕES DE MATERIAIS;SERVIÇO NACIONAL DE APRENDIZA INDUSTRIAL;03.773.700/0083-53;Serviço Social Autonomo SERVAS - SSA SERVAS;17.385.840/0001-12;CEDEC;2020-06-15;HIGIENE;ALCOOL GLICERINADO 70% - GALÃO 5L;LT;246;2,83;696,18
129;DOAÇÕES DE MATERIAIS;FUNDAÇÃO ITAU PARA EDUCAÇAO E CULTURA;59.573.030/0001-30;Secretaria de Saúde do Estado de Minas Gerais;59.573.030/0001-30;CEDEC;2020-06-16;EPI;AVENTAL;UN;48000;10,9;523200
130;DOAÇÕES DE MATERIAIS;FUNDAÇÃO ITAU PARA EDUCAÇAO E CULTURA;59.573.030/0001-30;Secretaria de Saúde do Estado de Minas Gerais;59.573.030/0001-30;CEDEC;2020-06-16;EPI;AVENTAL;UN;48000;10,9;523200
131;DOAÇÕES DE MATERIAIS;FUNDAÇÃO ITAU PARA EDUCAÇAO E CULTURA;59.573.030/0001-30;Secretaria de Saúde do Estado de Minas Gerais;59.573.030/0001-30;CEDEC;2020-06-16;EPI;AVENTAL;UN;48000;10,9;523200
132;DOAÇÕES DE MATERIAIS;FUNDAÇÃO ITAU PARA EDUCAÇAO E CULTURA;59.573.030/0001-30;Secretaria de Saúde do Estado de Minas Gerais;59.573.030/0001-30;CEDEC;2020-06-16;EPI;AVENTAL;UN;48000;10,9;523200
133;DOAÇÕES DE MATERIAIS;FUNDAÇÃO ITAU PARA EDUCAÇAO E CULTURA;59.573.030/0001-30;Secretaria de Saúde do Estado de Minas Gerais;59.573.030/0001-30;CEDEC;2020-06-16;EPI;AVENTAL;UN;48000;10,9;523200
134;DOAÇÕES DE MATERIAIS;FUNDAÇÃO ITAU PARA EDUCAÇAO E CULTURA;59.573.030/0001-30;Secretaria de Saúde do Estado de Minas Gerais;59.573.030/0001-30;CEDEC;2020-06-17;EPI;AVENTAL;UN;48000;10,9;523200
135;DOAÇÕES DE MATERIAIS;FUNDAÇÃO ITAU PARA EDUCAÇAO E CULTURA;59.573.030/0001-30;Secretaria de Saúde do Estado de Minas Gerais;59.573.030/0001-30;CEDEC;2020-06-17;EPI;AVENTAL;UN;48000;10,9;523200
136;DOAÇÕES DE MATERIAIS;FUNDAÇÃO ITAU PARA EDUCAÇAO E CULTURA;59.573.030/0001-30;Secretaria de Saúde do Estado de Minas Gerais;59.573.030/0001-30;CEDEC;2020-06-17;EPI;AVENTAL;UN;50450;10,9;549905
137;DOAÇÕES DE MATERIAIS;FUNDAÇÃO ITAU PARA EDUCAÇAO E CULTURA;59.573.030/0001-30;Secretaria de Saúde do Estado de Minas Gerais;59.573.030/0001-30;CEDEC;2020-06-18;EPI;AVENTAL;UN;44000;10,9;479600
138;DOAÇÕES DE MATERIAIS;FUNDAÇÃO ITAU PARA EDUCAÇAO E CULTURA;59.573.030/0001-30;Secretaria de Saúde do Estado de Minas Gerais;59.573.030/0001-30;CEDEC;2020-06-18;EPI;AVENTAL;UN;48000;10,9;523200
139;DOAÇÕES DE MATERIAIS;FUNDAÇÃO ITAU PARA EDUCAÇAO E CULTURA;59.573.030/0001-30;Secretaria de Saúde do Estado de Minas Gerais;59.573.030/0001-30;CEDEC;2020-06-19;EPI;AVENTAL;UN;48000;10,9;523200
140;DOAÇÕES DE MATERIAIS;BANCO SANTANDER BRASIL S.A;90.400.888/0001-42;GABINETE MILITAR DO GOVERNADOR E COORDENADORIA ESTADUAL DE DEFESA CIVIL;18.715.565/0001-10;CEDEC;2020-06-22;EPI;MASCARA RETAS CORES DIVERSAS;UN;291650;2,4;699960
141;DOAÇÕES DE MATERIAIS;FUNDAÇÃO ITAU PARA EDUCAÇAO E CULTURA;59.573.030/0001-30;Secretaria de Saúde do Estado de Minas Gerais;59.573.030/0001-30;CEDEC;2020-06-22;EPI;AVENTAL;UN;48000;10,9;523200
142;DOAÇÕES DE MATERIAIS;FUNDAÇÃO ITAU PARA EDUCAÇAO E CULTURA;59.573.030/0001-30;Secretaria de Saúde do Estado de Minas Gerais;59.573.030/0001-30;CEDEC;2020-06-22;EPI;AVENTAL;UN;48000;10,9;523200
143;DOAÇÕES DE MATERIAIS;FUNDAÇÃO ITAU PARA EDUCAÇAO E CULTURA;59.573.030/0001-30;Secretaria de Saúde do Estado de Minas Gerais;59.573.030/0001-30;CEDEC;2020-06-22;EPI;AVENTAL;UN;38000;10,9;414200
144;DOAÇÕES DE MATERIAIS;FUNDAÇÃO ITAU PARA EDUCAÇAO E CULTURA;59.573.030/0001-30;Secretaria de Saúde do Estado de Minas Gerais;59.573.030/0001-30;CEDEC;2020-06-22;EPI;AVENTAL;UN;48000;10,9;523200
145;DOAÇÕES DE MATERIAIS;FUNDAÇÃO ITAU PARA EDUCAÇAO E CULTURA;59.573.030/0001-30;Secretaria de Saúde do Estado de Minas Gerais;59.573.030/0001-30;CEDEC;2020-06-22;EPI;AVENTAL;UN;4000;10,9;43600
146;DOAÇÕES DE MATERIAIS;FUNDAÇÃO ITAU PARA EDUCAÇAO E CULTURA;59.573.030/0001-30;Secretaria de Saúde do Estado de Minas Gerais;59.573.030/0001-30;CEDEC;2020-06-24;EPI;AVENTAL;UN;48000;10,9;523200
147;DOAÇÕES DE MATERIAIS;FUNDAÇÃO ITAU PARA EDUCAÇAO E CULTURA;59.573.030/0001-30;Secretaria de Saúde do Estado de Minas Gerais;59.573.030/0001-30;CEDEC;2020-06-24;EPI;MASCARA DE PROTECAO FACE SHIELD;UN;15000;3,6;54000
148;DOAÇÕES DE MATERIAIS;FUNDAÇÃO ITAU PARA EDUCAÇAO E CULTURA;59.573.030/0001-30;Secretaria de Saúde do Estado de Minas Gerais;59.573.030/0001-30;CEDEC;2020-07-01;EPI;AVENTAL;UN;48000;10,9;523200
149;DOAÇÕES DE MATERIAIS;FUNDAÇÃO ITAU PARA EDUCAÇAO E CULTURA;59.573.030/0001-30;Secretaria de Saúde do Estado de Minas Gerais;59.573.030/0001-30;CEDEC;2020-07-01;EPI;AVENTAL;UN;48000;10,9;523200
150;DOAÇÕES DE MATERIAIS;FUNDAÇÃO ITAU PARA EDUCAÇAO E CULTURA;59.573.030/0001-30;Secretaria de Saúde do Estado de Minas Gerais;59.573.030/0001-30;CEDEC;2020-07-01;EPI;AVENTAL;UN;48000;10,9;523200
151;DOAÇÕES DE MATERIAIS;FUNDAÇÃO ITAU PARA EDUCAÇAO E CULTURA;59.573.030/0001-30;Secretaria de Saúde do Estado de Minas Gerais;59.573.030/0001-30;CEDEC;2020-07-01;EPI;AVENTAL;UN;48000;10,9;523200
152;DOAÇÕES DE MATERIAIS;FUNDAÇÃO ITAU PARA EDUCAÇAO E CULTURA;59.573.030/0001-30;Secretaria de Saúde do Estado de Minas Gerais;59.573.030/0001-30;CEDEC;2020-07-01;EPI;AVENTAL;UN;48000;10,9;523200
153;DOAÇÕES DE MATERIAIS;FUNDAÇÃO ITAU PARA EDUCAÇAO E CULTURA;59.573.030/0001-30;Secretaria de Saúde do Estado de Minas Gerais;59.573.030/0001-30;CEDEC;2020-07-01;EPI;AVENTAL;UN;42100;10,9;458890
154;DOAÇÕES DE MATERIAIS;FUNDAÇÃO ITAU PARA EDUCAÇAO E CULTURA;59.573.030/0001-30;Secretaria de Saúde do Estado de Minas Gerais;59.573.030/0001-30;CEDEC;2020-07-01;EPI;AVENTAL;UN;48000;10,9;523200
155;DOAÇÕES DE MATERIAIS;FUNDAÇÃO ITAU PARA EDUCAÇAO E CULTURA;59.573.030/0001-30;Secretaria de Saúde do Estado de Minas Gerais;59.573.030/0001-30;CEDEC;2020-07-01;EPI;AVENTAL;UN;48000;10,9;523200
156;DOAÇÕES DE MATERIAIS;FUNDAÇÃO ITAU PARA EDUCAÇAO E CULTURA;59.573.030/0001-30;Secretaria de Saúde do Estado de Minas Gerais;59.573.030/0001-30;CEDEC;2020-07-01;EPI;AVENTAL;UN;48000;10,9;523200
157;DOAÇÕES DE MATERIAIS;FUNDAÇÃO ITAU PARA EDUCAÇAO E CULTURA;59.573.030/0001-30;Secretaria de Saúde do Estado de Minas Gerais;59.573.030/0001-30;CEDEC;2020-07-01;EPI;AVENTAL;UN;48000;10,9;523200
158;DOAÇÕES DE MATERIAIS;FUNDAÇÃO ITAU PARA EDUCAÇAO E CULTURA;59.573.030/0001-30;Secretaria de Saúde do Estado de Minas Gerais;59.573.030/0001-30;CEDEC;2020-07-01;EPI;AVENTAL;UN;48000;10,9;523200
159;DOAÇÕES DE MATERIAIS;FUNDAÇÃO ITAU PARA EDUCAÇAO E CULTURA;59.573.030/0001-30;Secretaria de Saúde do Estado de Minas Gerais;59.573.030/0001-30;CEDEC;2020-07-02;EPI;AVENTAL;UN;53000;10,9;577700
160;DOAÇÕES DE MATERIAIS;FUNDAÇÃO ITAU PARA EDUCAÇAO E CULTURA;59.573.030/0001-30;Secretaria de Saúde do Estado de Minas Gerais;59.573.030/0001-30;CEDEC;2020-07-02;EPI;AVENTAL;UN;48000;10,9;523200
161;DOAÇÕES DE MATERIAIS;FUNDAÇÃO ITAU PARA EDUCAÇAO E CULTURA;59.573.030/0001-30;Secretaria de Saúde do Estado de Minas Gerais;59.573.030/0001-30;CEDEC;2020-07-02;EPI;AVENTAL;UN;48000;10,9;523200
162;DOAÇÕES DE MATERIAIS;FUNDAÇÃO ITAU PARA EDUCAÇAO E CULTURA;59.573.030/0001-30;Secretaria de Saúde do Estado de Minas Gerais;59.573.030/0001-30;CEDEC;2020-07-02;EPI;AVENTAL;UN;44000;10,9;479600
163;DOAÇÕES DE MATERIAIS;FUNDAÇÃO ITAU PARA EDUCAÇAO E CULTURA;59.573.030/0001-30;Secretaria de Saúde do Estado de Minas Gerais;59.573.030/0001-30;CEDEC;2020-07-02;EPI;AVENTAL;UN;48000;10,9;523200
164;DOAÇÕES DE MATERIAIS;FUNDAÇÃO ITAU PARA EDUCAÇAO E CULTURA;59.573.030/0001-30;Secretaria de Saúde do Estado de Minas Gerais;59.573.030/0001-30;CEDEC;2020-07-02;EPI;AVENTAL;UN;44000;10,9;479600
165;DOAÇÕES DE MATERIAIS;FUNDAÇÃO ITAU PARA EDUCAÇAO E CULTURA;59.573.030/0001-30;Secretaria de Saúde do Estado de Minas Gerais;59.573.030/0001-30;CEDEC;2020-07-03;EPI;VENTILADOR;UN;3;66940,196;200820,59
166;DOAÇÕES DE MATERIAIS;FUNDAÇÃO ITAU PARA EDUCAÇAO E CULTURA;59.573.030/0001-30;Secretaria de Saúde do Estado de Minas Gerais;59.573.030/0001-30;CEDEC;2020-07-03;EPI;AVENTAL;UN;48000;10,9;523200
167;DOAÇÕES DE MATERIAIS;FUNDAÇÃO ITAU PARA EDUCAÇAO E CULTURA;59.573.030/0001-30;Secretaria de Saúde do Estado de Minas Gerais;59.573.030/0001-30;CEDEC;2020-07-03;EPI;AVENTAL;UN;48000;10,9;523200
168;DOAÇÕES DE MATERIAIS;FUNDAÇÃO ITAU PARA EDUCAÇAO E CULTURA;59.573.030/0001-30;Secretaria de Saúde do Estado de Minas Gerais;59.573.030/0001-30;CEDEC;2020-07-03;EPI;AVENTAL;UN;48000;10,9;523200
169;DOAÇÕES DE MATERIAIS;FUNDAÇÃO ITAU PARA EDUCAÇAO E CULTURA;59.573.030/0001-30;Secretaria de Saúde do Estado de Minas Gerais;59.573.030/0001-30;CEDEC;2020-07-03;EPI;AVENTAL;UN;22100;10,9;240890
170;DOAÇÕES DE MATERIAIS;FUNDAÇÃO ITAU PARA EDUCAÇAO E CULTURA;59.573.030/0001-30;Secretaria de Saúde do Estado de Minas Gerais;59.573.030/0001-30;CEDEC;2020-07-03;EPI;AVENTAL;UN;52000;10,9;566800
171;DOAÇÕES DE MATERIAIS;FUNDAÇÃO ITAU PARA EDUCAÇAO E CULTURA;59.573.030/0001-30;Secretaria de Saúde do Estado de Minas Gerais;59.573.030/0001-30;CEDEC;2020-07-03;EPI;AVENTAL;UN;48000;10,9;523200
172;DOAÇÕES DE MATERIAIS;FUNDAÇÃO ITAU PARA EDUCAÇAO E CULTURA;59.573.030/0001-30;Secretaria de Saúde do Estado de Minas Gerais;59.573.030/0001-30;CEDEC;2020-07-03;EPI;AVENTAL;UN;48000;10,9;523200
173;DOAÇÕES DE MATERIAIS;FUNDAÇÃO ITAU PARA EDUCAÇAO E CULTURA;59.573.030/0001-30;Secretaria de Saúde do Estado de Minas Gerais;59.573.030/0001-30;CEDEC;2020-07-03;EPI;AVENTAL;UN;48000;10,9;523200
174;DOAÇÕES DE MATERIAIS;FUNDAÇÃO ITAU PARA EDUCAÇAO E CULTURA;59.573.030/0001-30;Secretaria de Saúde do Estado de Minas Gerais;59.573.030/0001-30;CEDEC;2020-07-03;EPI;AVENTAL;UN;48000;10,9;523200
175;DOAÇÕES DE MATERIAIS;FUNDAÇÃO ITAU PARA EDUCAÇAO E CULTURA;59.573.030/0001-30;Secretaria de Saúde do Estado de Minas Gerais;59.573.030/0001-30;CEDEC;2020-07-03;EPI;AVENTAL;UN;48000;10,9;523200
176;DOAÇÕES DE MATERIAIS;FUNDAÇÃO ITAU PARA EDUCAÇAO E CULTURA;59.573.030/0001-30;Secretaria de Saúde do Estado de Minas Gerais;59.573.030/0001-30;CEDEC;2020-07-03;EPI;AVENTAL;UN;52000;10,9;566800
177;DOAÇÕES DE MATERIAIS;FUNDAÇÃO ITAU PARA EDUCAÇAO E CULTURA;59.573.030/0001-30;Secretaria de Saúde do Estado de Minas Gerais;59.573.030/0001-30;CEDEC;2020-07-03;EPI;AVENTAL;UN;48000;10,9;523200
178;DOAÇÕES DE MATERIAIS;FUNDAÇÃO ITAU PARA EDUCAÇAO E CULTURA;59.573.030/0001-30;Secretaria de Saúde do Estado de Minas Gerais;59.573.030/0001-30;CEDEC;2020-07-03;EPI;AVENTAL;UN;48000;10,9;523200
179;DOAÇÕES DE MATERIAIS;FUNDAÇÃO ITAU PARA EDUCAÇAO E CULTURA;59.573.030/0001-30;Secretaria de Saúde do Estado de Minas Gerais;59.573.030/0001-30;CEDEC;2020-07-03;EPI;AVENTAL;UN;49700;10,9;541730
180;DOAÇÕES DE MATERIAIS;FUNDAÇÃO ITAU PARA EDUCAÇAO E CULTURA;59.573.030/0001-30;Secretaria de Saúde do Estado de Minas Gerais;59.573.030/0001-30;CEDEC;2020-07-06;EPI;AVENTAL;UN;48000;10,9;523200
181;DOAÇÕES DE MATERIAIS;FUNDAÇÃO ITAU PARA EDUCAÇAO E CULTURA;59.573.030/0001-30;Secretaria de Saúde do Estado de Minas Gerais;59.573.030/0001-30;CEDEC;2020-07-06;EPI;AVENTAL;UN;48000;10,9;523200
182;DOAÇÕES DE MATERIAIS;FUNDAÇÃO ITAU PARA EDUCAÇAO E CULTURA;59.573.030/0001-30;Secretaria de Saúde do Estado de Minas Gerais;59.573.030/0001-30;CEDEC;2020-07-06;EPI;AVENTAL;UN;41700;10,9;454530
183;DOAÇÕES DE MATERIAIS;FUNDAÇÃO ITAU PARA EDUCAÇAO E CULTURA;59.573.030/0001-30;Secretaria de Saúde do Estado de Minas Gerais;59.573.030/0001-30;CEDEC;2020-07-06;EPI;AVENTAL;UN;48000;10,9;523200
184;DOAÇÕES DE MATERIAIS;FUNDAÇÃO ITAU PARA EDUCAÇAO E CULTURA;59.573.030/0001-30;Secretaria de Saúde do Estado de Minas Gerais;59.573.030/0001-30;CEDEC;2020-07-06;EPI;AVENTAL;UN;48000;10,9;523200
185;DOAÇÕES DE MATERIAIS;FUNDAÇÃO ITAU PARA EDUCAÇAO E CULTURA;59.573.030/0001-30;Secretaria de Saúde do Estado de Minas Gerais;59.573.030/0001-30;CEDEC;2020-07-06;EPI;AVENTAL;UN;48000;10,9;523200
186;DOAÇÕES DE MATERIAIS;FUNDAÇÃO ITAU PARA EDUCAÇAO E CULTURA;59.573.030/0001-30;Secretaria de Saúde do Estado de Minas Gerais;59.573.030/0001-30;CEDEC;2020-07-06;EPI;AVENTAL;UN;48000;10,9;523200
187;DOAÇÕES DE MATERIAIS;FUNDAÇÃO ITAU PARA EDUCAÇAO E CULTURA;59.573.030/0001-30;Secretaria de Saúde do Estado de Minas Gerais;59.573.030/0001-30;CEDEC;2020-07-06;EPI;AVENTAL;UN;48000;10,9;523200
188;DOAÇÕES DE MATERIAIS;FUNDAÇÃO ITAU PARA EDUCAÇAO E CULTURA;59.573.030/0001-30;Secretaria de Saúde do Estado de Minas Gerais;59.573.030/0001-30;CEDEC;2020-07-06;EPI;AVENTAL;UN;48000;10,9;523200
189;DOAÇÕES DE MATERIAIS;INGLEZA IND DE PROD DE LIMP E COSM LTDA;17.245.028/0003-53;Serviço Social Autonomo SERVAS - SSA SERVAS;17.385.840/0001-12;CEDEC;2020-07-06;HIGIENE;DESINFETANTE HOSPITALAR ALC CLORADO 5 L;LT;2000;3,054;6108
190;DOAÇÕES DE MATERIAIS;FUNDAÇÃO ITAU PARA EDUCAÇAO E CULTURA;59.573.030/0001-30;Secretaria de Saúde do Estado de Minas Gerais;59.573.030/0001-30;CEDEC;2020-07-07;EPI;AVENTAL;UN;48000;10,9;523200
191;DOAÇÕES DE MATERIAIS;FUNDAÇÃO ITAU PARA EDUCAÇAO E CULTURA;59.573.030/0001-30;Secretaria de Saúde do Estado de Minas Gerais;59.573.030/0001-30;CEDEC;2020-07-07;EPI;AVENTAL;UN;48000;10,9;523200
192;DOAÇÕES DE MATERIAIS;FUNDAÇÃO ITAU PARA EDUCAÇAO E CULTURA;59.573.030/0001-30;Secretaria de Saúde do Estado de Minas Gerais;59.573.030/0001-30;CEDEC;2020-07-07;EPI;AVENTAL;UN;48000;10,9;523200
193;DOAÇÕES DE MATERIAIS;FUNDAÇÃO ITAU PARA EDUCAÇAO E CULTURA;59.573.030/0001-30;Secretaria de Saúde do Estado de Minas Gerais;59.573.030/0001-30;CEDEC;2020-07-09;EPI;AVENTAL;UN;48000;10,9;523200
194;DOAÇÕES DE MATERIAIS;FUNDAÇÃO ITAU PARA EDUCAÇAO E CULTURA;59.573.030/0001-30;Secretaria de Saúde do Estado de Minas Gerais;59.573.030/0001-30;CEDEC;2020-07-09;EPI;AVENTAL;UN;48000;10,9;523200
195;DOAÇÕES DE MATERIAIS;FUNDAÇÃO ITAU PARA EDUCAÇAO E CULTURA;59.573.030/0001-30;Secretaria de Saúde do Estado de Minas Gerais;59.573.030/0001-30;CEDEC;2020-07-09;EPI;AVENTAL;UN;48000;10,9;523200
196;DOAÇÕES DE MATERIAIS;FUNDAÇÃO ITAU PARA EDUCAÇAO E CULTURA;59.573.030/0001-30;Secretaria de Saúde do Estado de Minas Gerais;59.573.030/0001-30;CEDEC;2020-07-09;EPI;TOUCA DESCARTAVEL;UN;171000;0,27;46170
197;DOAÇÕES DE MATERIAIS;FUNDAÇÃO ITAU PARA EDUCAÇAO E CULTURA;59.573.030/0001-30;Secretaria de Saúde do Estado de Minas Gerais;59.573.030/0001-30;CEDEC;2020-07-09;EPI;VENTILADOR 140.000;UN;12;140000;1680000
198;DOAÇÕES DE MATERIAIS;FUNDAÇÃO ITAU PARA EDUCAÇAO E CULTURA;59.573.030/0001-30;Secretaria de Saúde do Estado de Minas Gerais;59.573.030/0001-30;CEDEC;2020-07-20;EPI;VENTILADOR 155.000;UN;20;155000;3100000
199;DOAÇÕES DE MATERIAIS;FUNDAÇÃO ITAU PARA EDUCAÇAO E CULTURA;59.573.030/0001-30;Secretaria de Saúde do Estado de Minas Gerais;59.573.030/0001-30;CEDEC;2020-07-24;MATERIAIS HOSPITALARES;OXÍMETRO;UN;9234;107,5;992655
200;DOAÇÕES DE MATERIAIS;FUNDAÇÃO ITAU PARA EDUCAÇAO E CULTURA;59.573.030/0001-30;Secretaria de Saúde do Estado de Minas Gerais;59.573.030/0001-30;CEDEC;2020-07-24;INSUMOS;PILHAS;UN;9234;2,88;26593,92
201;DOAÇÕES FINANCEIRAS;PETROBRÁS;;Serviço Social Autonomo SERVAS - SSA SERVAS;17.385.840/0001-12;;;;DOAÇÃO FINANCEIRA AO SERVAS;DEPÓSITO BANCÁRIO;;;9e+05
202;DOAÇÕES FINANCEIRAS;GRANDE ORIENTE MAÇONARIA;;Serviço Social Autonomo SERVAS - SSA SERVAS;17.385.840/0001-12;;;;DOAÇÃO FINANCEIRA AO SERVAS;DEPÓSITO BANCÁRIO;;;250000
203;DOAÇÕES FINANCEIRAS;DOAÇÕES PESSOAS FÍSICAS;;Serviço Social Autonomo SERVAS - SSA SERVAS;17.385.840/0001-12;;;;DOAÇÃO FINANCEIRA AO SERVAS;DEPÓSITO BANCÁRIO;;;30500
204;DOAÇÕES FINANCEIRAS;MOTA IND. COM. IMPORT. EXP. LTDA.;;Serviço Social Autonomo SERVAS - SSA SERVAS;17.385.840/0001-12;;;;DOAÇÃO FINANCEIRA AO SERVAS;DEPÓSITO BANCÁRIO;;;200
205;DOAÇÕES FINANCEIRAS;TEKNISA SOFTWARE LTDA;;Serviço Social Autonomo SERVAS - SSA SERVAS;17.385.840/0001-12;;;;DOAÇÃO FINANCEIRA AO SERVAS;DEPÓSITO BANCÁRIO;;;2000
